user_input,reference_contexts,reference,synthesizer_name
How does the film 'John Wick' compare to 'Taken' in terms of plot and execution?,"["": 0\nReview: The best way I can describe John Wick is to picture Taken but instead of Liam Neeson it's Keanu Reeves and instead of his daughter it's his dog. That's essentially the plot of the movie. John Wick (Reeves) is out to seek revenge on the people who took something he loved from him. It's a beautifully simple premise for an action movie - when action movies get convoluted, they get bad i.e. A Good Day to Die Hard. John Wick gives the viewers what they want: Awesome action, stylish stunts, kinetic chaos, and a relatable hero to tie it all together. John Wick succeeds in its simplicity.""]","The film 'John Wick' can be described as similar to 'Taken' but with Keanu Reeves instead of Liam Neeson and a dog instead of a daughter. The plot revolves around John Wick seeking revenge on those who took something he loved, offering a beautifully simple premise for an action movie. Unlike convoluted action films like 'A Good Day to Die Hard', 'John Wick' succeeds by providing awesome action, stylish stunts, kinetic chaos, and a relatable hero, all tied together by its simplicity.",single_hop_specifc_query_synthesizer
Wht is the poplarity of Jon Wick films?,"[': 2\nReview: With the fourth installment scoring immensely at the cinemas as I\'m submitting this review, and after three previous films that are apparently loved by everyone else in the world, I thought perhaps it would be time for me check out ""John Wick"".']","The fourth installment of John Wick is scoring immensely at the cinemas, and the three previous films are apparently loved by everyone else in the world.",single_hop_specifc_query_synthesizer
What distinguishes Chad Stahelski's direction in John Wick?,"[': 3\nReview: John wick has a very simple revenge story. It can be summarized as ""Keanu gets angry and shoots bad guys"" but what makes it special? Directed by Chad Stahelski who\'s a stunt specialist boy does it show because the main selling point in the film are some real virtuoso action sequences, well made choreographies. Unlike today\'s action movies, it doesn\'t use quick-cuts or shaky cameras actually see what\'s going on.']","Chad Stahelski's direction in John Wick is distinguished by real virtuoso action sequences and well-made choreographies, avoiding quick-cuts or shaky cameras to allow viewers to actually see what's going on.",single_hop_specifc_query_synthesizer
How do Russian mobsters influence the plot of the film?,"[': 4\nReview: Though he no longer has a taste for wet work, retired assassin and ""Boogeyman"" John Wick has suffered a personal tragedy that\'s left a huge void in his life. When he and his dog (really the last meaningful thing he has left) fall victim to a scummy group of Russian mobsters, he emerges from his shell with vengeance on his mind. Slow and ambiguous at first, but reveals more as it goes along, and once it kicks into gear it rarely lets up with plenty of stylized, visceral action scenes, an impressive arsenal of weaponry, plus sly direction and editing that give it the feel of a violent music video at times. Preposterously fun to watch, it just doesn\'t have much of a story at its disposal, not to mention all the over-the-top bloodletting and mayhem eventually becomes redundant. Savvy, indestructible Reeves looks right at home, and delivers many of his lines with a sardonic wit. **Â½']","The Russian mobsters are responsible for attacking John Wick and his dog, which prompts him to come out of retirement with vengeance on his mind, driving the plot forward with stylized and visceral action scenes.",single_hop_specifc_query_synthesizer
What John Wick do in first movie?,"["": 5\nReview: Ultra-violent first entry with lots of killings, thrills , noisy action , suspense , and crossfire . In this original John Wick (2014) , an ex-hit-man comes out of retirement to track down the gangsters that killed his dog and took everything from him . With the untimely death of his beloved wife still bitter in his mouth he seeks for vengeance . But when an arrogant Russian mob prince and hoodlums steal his car and kill his dog , they are fully aware of his lethal capacity. The Bogeyman will find himself dragged into an impossible task as every killer in the business dreams of cornering the legendary Wick who now has an enormous price on his head . In this first installment John Wick , blind with revenge, and for his salvation John will immediately unleash a carefully orchestrated maelstrom of destruction against those attempt to chase him and with a price tag on his head, as he is the target of hit men : an army of bounty-hunting killers on his trail and a murderer woman everywhere . The legendary hitman will be forced to unearth his meticulously concealed identity and to carry out a relentless vendetta . Now, only blood can quench the boogeyman's thirst for retribution . Don't Set Him Off! . John Wick isn't the Boogeyman... He's the guy you send to kill the doomed Boogeyman. Revenge is all he has left. You want peace, prepare for war . Don't Hunt What You Can't Kill. Tick Tock, Mr. Wick. Everyone Is Waiting. For John Wick . Every Action Has Consequences. This Friday, Wick is Back . Its the World Vs. Wick. Every Action Has Consequences.""]","In the original John Wick (2014), an ex-hit-man comes out of retirement to track down the gangsters that killed his dog and took everything from him. Blind with revenge, John unleashes a carefully orchestrated maelstrom of destruction against those who attempt to chase him, as he is the target of hit men and an army of bounty-hunting killers.",single_hop_specifc_query_synthesizer
What makes John Wick 3 stand out in terms of action sequences compared to other action movies?,"['<1-hop>\n\n: 19\nReview: The inevitable third chapter of the JOHN WICK franchise continues on a high with the same quality as the last. In fact, this may just pip that one to the post to be the best JOHN WICK yet. The pacing is spot on and the plotting is measured by a huge amount of action sequences, all of which fizz and crackle with skill and energy. The movie hits the ground running as Keanu faces off with a hulking character in a library and then Triads in a weapon shop, but what really amazes here is the sheer inventiveness of the non-repetitive action. There are horse and motorbike chases, a Moroccan brawl with fighting dogs, alongside the massive action of the climax. There also seems to be a greater emphasis on hand-to-hand combat, featuring the likes of RAID actors and old-timer Mark Dacascos, which is a real pleasure as the choreography is top-notch. In terms of sheer enjoyment, this is a film hard to beat, and to criticise it at all is unnecessary. Bring on the fourth!', ""<2-hop>\n\n: 16\nReview: John Wick 3 is without a doubt the best action movie to have come out in a few years. And its so surprising and refreshing to see that movies like this still exist. Most action movies you see is filled with ridiculous amounts of shaky-cam, fast edits and way over-the-top fights. This is perfect. You can see all action clear as day, and by god the stuns in this film are extraordinary. Why the Academy Awards don't award talent like this is beyond me. There were times that I wondered if they had used CGI, because someone nuts must be willing to throw themselves from motorbikes and through glass. But whatever case it is, its a dam joy to watch.""]","John Wick 3 stands out in terms of action sequences due to its inventive and non-repetitive action scenes, which include horse and motorbike chases, a Moroccan brawl with fighting dogs, and a greater emphasis on hand-to-hand combat featuring skilled actors. Unlike many action movies that rely on shaky-cam and fast edits, John Wick 3 presents clear and extraordinary stunts, making it a refreshing and enjoyable experience. The choreography is top-notch, and the film maintains a high level of skill and energy throughout, making it one of the best action movies in recent years.",multi_hop_specific_query_synthesizer
"How John Wick Chapter 2 and John Wick: Chapter 4 compare in terms of action and character development, and what makes Chapter 4 stand out?","[""<1-hop>\n\n: 19\nReview: John Wick: Chapter 4 picks up where Chapter 3: Parabellum left off. As has been the tradition in the sequels to this beloved martial arts action franchise the action starts from the very inception of the film's opening, and lasts until the curtain falls. JW4 is no exception to that rule. What it does do is improve on the prior installment, and solidify Keanu Reeves as the greatest martial arts action star of all time. If you don't accept that notion, then you must accept the fact that it solidifies Reeves and Director, Chad Stahelski, as the greatest martial arts action pairing of modern times."", ""<2-hop>\n\n: 23\nReview: I love me a bit of the old ultra-violence, but I also like a plot of some kind to go with all of the gunfire, blood and broken bones. Failing that, the gory mayhem had better be something special - something that breaks new ground in terms of action cinema. John Wick Chapter 2 is relentlessly violent, Keanu Reeves' eponymous hitman laying waste to almost everyone he crosses paths with, once again finishing most victims with a shot to the head, but the action is simply more of the same, director Chad Stahelski bringing nothing new to the table.""]","John Wick Chapter 2 is described as relentlessly violent, with Keanu Reeves' character executing his enemies with precision, but it is criticized for not bringing anything new to the table in terms of action cinema. In contrast, John Wick: Chapter 4 not only continues the tradition of intense action from the very start to the end but also improves on the previous installment. It solidifies Keanu Reeves as the greatest martial arts action star and highlights the successful collaboration with Director Chad Stahelski, making it stand out as a significant improvement over Chapter 2.",multi_hop_specific_query_synthesizer
"How does the reception of John Wick 4 compare to the previous films in the franchise, particularly in terms of action sequences and plot consistency?","['<1-hop>\n\n: 19\nReview: The inevitable third chapter of the JOHN WICK franchise continues on a high with the same quality as the last. In fact, this may just pip that one to the post to be the best JOHN WICK yet. The pacing is spot on and the plotting is measured by a huge amount of action sequences, all of which fizz and crackle with skill and energy. The movie hits the ground running as Keanu faces off with a hulking character in a library and then Triads in a weapon shop, but what really amazes here is the sheer inventiveness of the non-repetitive action. There are horse and motorbike chases, a Moroccan brawl with fighting dogs, alongside the massive action of the climax. There also seems to be a greater emphasis on hand-to-hand combat, featuring the likes of RAID actors and old-timer Mark Dacascos, which is a real pleasure as the choreography is top-notch. In terms of sheer enjoyment, this is a film hard to beat, and to criticise it at all is unnecessary. Bring on the fourth!', ""<2-hop>\n\n: 22\nReview: HORRIBLE movie. I love John Wick. I mean I wouldn't pay to see one, but I love the series none the less. Even liked the third one even though the ending blew baby chunks. All the 10s and 9s scores are so damn fake it's hilarious. IMDB is a joke. Someone needs to start a real movie database and weed out the fake high scores, it's as ridiculous as John Wick 4. He walks away from every major injury or collision or building fall. Then he passes away from flesh wounds. What nonsense. The whole plot is nonsense. The fights scene are so boring. I got up to make a sandwich twice. Just the typical 100 judo throws and same shots to head. Numerous coup de grace's. I feel sorry for anyone who paid for this nonsense.""]","The reception of John Wick 4 appears to be mixed compared to the previous films in the franchise. While the third chapter of the John Wick series was praised for its high-quality action sequences, inventive non-repetitive action, and top-notch choreography, John Wick 4 received criticism for its plot and action scenes. The third film was noted for its pacing and variety in action, including horse and motorbike chases and hand-to-hand combat, which were well-received. In contrast, John Wick 4 was criticized for its plot inconsistency, with some viewers finding the action scenes repetitive and the plot nonsensical. The reception highlights a divide in audience opinion, with some appreciating the continuation of the franchise's action style, while others were disappointed by the perceived lack of innovation and coherence in the latest installment.",multi_hop_specific_query_synthesizer
"How does the narrative coherence and character development in the JOHN WICK franchise contribute to its success, particularly in the third installment?","[""<1-hop>\n\n: 11\nReview: JOHN WICK is a rare example of Hollywood getting things spot-on when it comes to creating the near-perfect action film. JOHN WICK is a relentless, pulse-pounding thriller that has plenty of similarity to the Liam Neeson classic TAKEN, albeit with a more simplistic (and also more emotionally intense) plot line. This is the kind of lean, pared-down film-making that's all about intensity and momentum. It sits well with classic international fare like POINT BLANK, SLEEPLESS NIGHT, MEA CULPA, THE MAN FROM NOWHERE, and THE RAID films."", '<2-hop>\n\n: 19\nReview: The inevitable third chapter of the JOHN WICK franchise continues on a high with the same quality as the last. In fact, this may just pip that one to the post to be the best JOHN WICK yet. The pacing is spot on and the plotting is measured by a huge amount of action sequences, all of which fizz and crackle with skill and energy. The movie hits the ground running as Keanu faces off with a hulking character in a library and then Triads in a weapon shop, but what really amazes here is the sheer inventiveness of the non-repetitive action. There are horse and motorbike chases, a Moroccan brawl with fighting dogs, alongside the massive action of the climax. There also seems to be a greater emphasis on hand-to-hand combat, featuring the likes of RAID actors and old-timer Mark Dacascos, which is a real pleasure as the choreography is top-notch. In terms of sheer enjoyment, this is a film hard to beat, and to criticise it at all is unnecessary. Bring on the fourth!']","The narrative coherence and character development in the JOHN WICK franchise significantly contribute to its success by maintaining a relentless, pulse-pounding thriller atmosphere with a simplistic yet emotionally intense plot line. The third installment continues this trend with a high-quality narrative that is measured by a huge amount of inventive and non-repetitive action sequences. The film features a variety of action scenes, including horse and motorbike chases, a Moroccan brawl with fighting dogs, and a greater emphasis on hand-to-hand combat, showcasing top-notch choreography. This consistent quality in storytelling and character portrayal, alongside the innovative action, makes the third chapter arguably the best yet, enhancing the overall enjoyment and success of the franchise.",multi_hop_specific_query_synthesizer
How does John Wick: Chapter 3 - Parabellum maintain its unique appeal while dealing with the consequences of John's actions?,"[""<1-hop>\n\n: 13\nReview: Following on from two deliriously entertaining, visually gorgeous and blissfully simplistic thrillers, John Wick: Chapter 3 - Parabellum keeps up the franchise's unique appeal in stunning fashion. Complete with electrifying action, beautiful cinematography, a pulsating score and a great sense of humour, the film is pretty much as purely joyful as action thrillers get, and proves two hours of brilliant entertainment."", ""<2-hop>\n\n: 24\nReview: John Wick: Chapter 3 - Parabellum is quite literally about consequences, dealing with the fallout of John's actions at the end of the previous film and sending him on an even bigger odyssey of violence that continues to explore this world of assassination and deliver beautifully clean action sequences.""]","John Wick: Chapter 3 - Parabellum maintains its unique appeal by delivering electrifying action, beautiful cinematography, a pulsating score, and a great sense of humour, making it a purely joyful action thriller. At the same time, it deals with the consequences of John's actions from the previous film, sending him on a bigger odyssey of violence and continuing to explore the world of assassination with beautifully clean action sequences.",multi_hop_specific_query_synthesizer
